"","x"
"1","Blackwell, Mr. Stephen Weart"
"2","Beckwith, Mrs. Richard Leonard (Sallie Monypeny)"
"3","Becker, Miss. Marion Louise"
"4","Beckwith, Mrs. Richard Leonard (Sallie Monypeny)"
"5","Blackwell, Mr. Stephen Weart"
"6","Blackwell, Mr. Stephen Weart"
"7","Becker, Miss. Marion Louise"
"8","Cherry, Miss. Gladys"
"9","Blackwell, Mr. Stephen Weart"
"10","Andersson, Miss. Ebba Iris Alfrida"
"11","Mack, Mrs. (Mary)"
"12","Becker, Miss. Marion Louise"
"13","Blackwell, Mr. Stephen Weart"
"14","Mack, Mrs. (Mary)"
"15","Blackwell, Mr. Stephen Weart"
"16","Bjornstrom-Steffansson, Mr. Mauritz Hakan"
"17","Becker, Miss. Marion Louise"
"18","Bjornstrom-Steffansson, Mr. Mauritz Hakan"
"19","Mack, Mrs. (Mary)"
"20","Blackwell, Mr. Stephen Weart"
"21","Douglas, Mr. Walter Donald"
"22","Blackwell, Mr. Stephen Weart"
"23","Douglas, Mr. Walter Donald"
"24","Blackwell, Mr. Stephen Weart"
"25","Blackwell, Mr. Stephen Weart"
"26","Mack, Mrs. (Mary)"
"27","Nicola-Yarred, Master. Elias"
"28","Mack, Mrs. (Mary)"
"29","Mack, Mrs. (Mary)"
"30","Laroche, Mrs. Joseph (Juliette Marie Louise Lafargue)"
"31","Becker, Miss. Marion Louise"
"32","Mack, Mrs. (Mary)"
"33","Panula, Mr. Jaako Arnold"
"34","Blackwell, Mr. Stephen Weart"
"35","Beckwith, Mrs. Richard Leonard (Sallie Monypeny)"
"36","Becker, Miss. Marion Louise"
"37","Douglas, Mr. Walter Donald"
"38","Becker, Miss. Marion Louise"
"39","Becker, Miss. Marion Louise"
"40","Blackwell, Mr. Stephen Weart"
"41","Douglas, Mr. Walter Donald"
"42","Allen, Miss. Elisabeth Walton"
"43","Blackwell, Mr. Stephen Weart"
"44","Blackwell, Mr. Stephen Weart"
"45","Becker, Miss. Marion Louise"
"46","Blackwell, Mr. Stephen Weart"
"47","Becker, Miss. Marion Louise"
"48","Blackwell, Mr. Stephen Weart"
"49","Mack, Mrs. (Mary)"
"50","Hickman, Mr. Stanley George"
"51","Douglas, Mr. Walter Donald"
"52","Chip, Mr. Chang"
"53","Blackwell, Mr. Stephen Weart"
"54","Becker, Miss. Marion Louise"
"55","Bjornstrom-Steffansson, Mr. Mauritz Hakan"
"56","Blackwell, Mr. Stephen Weart"
"57","Becker, Miss. Marion Louise"
"58","Becker, Miss. Marion Louise"
"59","Blackwell, Mr. Stephen Weart"
"60","Beckwith, Mrs. Richard Leonard (Sallie Monypeny)"
"61","Blackwell, Mr. Stephen Weart"
"62","Blackwell, Mr. Stephen Weart"
"63","Blackwell, Mr. Stephen Weart"
"64","Blackwell, Mr. Stephen Weart"
"65","Blackwell, Mr. Stephen Weart"
"66","Blackwell, Mr. Stephen Weart"
"67","Douglas, Mr. Walter Donald"
"68","Bjornstrom-Steffansson, Mr. Mauritz Hakan"
"69","Becker, Miss. Marion Louise"
"70","Blackwell, Mr. Stephen Weart"
"71","Mack, Mrs. (Mary)"
"72","Blackwell, Mr. Stephen Weart"
"73","Blackwell, Mr. Stephen Weart"
"74","Blackwell, Mr. Stephen Weart"
"75","Blackwell, Mr. Stephen Weart"
"76","Becker, Miss. Marion Louise"
"77","Blackwell, Mr. Stephen Weart"
"78","Mack, Mrs. (Mary)"
"79","Blackwell, Mr. Stephen Weart"
"80","Mack, Mrs. (Mary)"
"81","Mack, Mrs. (Mary)"
"82","Blackwell, Mr. Stephen Weart"
"83","Blackwell, Mr. Stephen Weart"
"84","Douglas, Mr. Walter Donald"
"85","Andersson, Miss. Ebba Iris Alfrida"
"86","Nasser, Mrs. Nicholas (Adele Achem)"
"87","Blackwell, Mr. Stephen Weart"
"88","Bjornstrom-Steffansson, Mr. Mauritz Hakan"
"89","Blackwell, Mr. Stephen Weart"
"90","Douglas, Mr. Walter Donald"
"91","Blackwell, Mr. Stephen Weart"
"92","Becker, Miss. Marion Louise"
"93","Blackwell, Mr. Stephen Weart"
"94","Douglas, Mr. Walter Donald"
"95","Cherry, Miss. Gladys"
"96","Blackwell, Mr. Stephen Weart"
"97","Blackwell, Mr. Stephen Weart"
"98","Douglas, Mr. Walter Donald"
"99","Becker, Miss. Marion Louise"
"100","Becker, Miss. Marion Louise"
"101","Blackwell, Mr. Stephen Weart"
"102","Blackwell, Mr. Stephen Weart"
"103","Bjornstrom-Steffansson, Mr. Mauritz Hakan"
"104","Mack, Mrs. (Mary)"
"105","Blackwell, Mr. Stephen Weart"
"106","Blackwell, Mr. Stephen Weart"
"107","Blackwell, Mr. Stephen Weart"
"108","Beckwith, Mrs. Richard Leonard (Sallie Monypeny)"
"109","Blackwell, Mr. Stephen Weart"
"110","Blackwell, Mr. Stephen Weart"
"111","Douglas, Mr. Walter Donald"
"112","Becker, Miss. Marion Louise"
"113","Blackwell, Mr. Stephen Weart"
"114","Blackwell, Mr. Stephen Weart"
"115","Becker, Miss. Marion Louise"
"116","Blackwell, Mr. Stephen Weart"
"117","Blackwell, Mr. Stephen Weart"
"118","Panula, Mr. Jaako Arnold"
"119","Mack, Mrs. (Mary)"
"120","Blackwell, Mr. Stephen Weart"
"121","Blackwell, Mr. Stephen Weart"
"122","Johnson, Mrs. Oscar W (Elisabeth Vilhelmina Berg)"
"123","Blackwell, Mr. Stephen Weart"
"124","Douglas, Mr. Walter Donald"
"125","Blackwell, Mr. Stephen Weart"
"126","Francatelli, Miss. Laura Mabel"
"127","Blackwell, Mr. Stephen Weart"
"128","Johnson, Mr. William Cahoone Jr"
"129","Asplund, Miss. Lillian Gertrud"
"130","Bjornstrom-Steffansson, Mr. Mauritz Hakan"
"131","Becker, Miss. Marion Louise"
"132","Bjornstrom-Steffansson, Mr. Mauritz Hakan"
"133","Blackwell, Mr. Stephen Weart"
"134","Becker, Miss. Marion Louise"
"135","Blackwell, Mr. Stephen Weart"
"136","Becker, Miss. Marion Louise"
"137","Bjornstrom-Steffansson, Mr. Mauritz Hakan"
"138","Francatelli, Miss. Laura Mabel"
"139","Francatelli, Miss. Laura Mabel"
"140","Blackwell, Mr. Stephen Weart"
"141","Mack, Mrs. (Mary)"
"142","Blackwell, Mr. Stephen Weart"
"143","Douglas, Mr. Walter Donald"
"144","Bjornstrom-Steffansson, Mr. Mauritz Hakan"
"145","Mack, Mrs. (Mary)"
"146","Blackwell, Mr. Stephen Weart"
"147","Bjornstrom-Steffansson, Mr. Mauritz Hakan"
"148","Becker, Miss. Marion Louise"
"149","Bjornstrom-Steffansson, Mr. Mauritz Hakan"
"150","Blackwell, Mr. Stephen Weart"
"151","Becker, Miss. Marion Louise"
"152","Blackwell, Mr. Stephen Weart"
"153","Blackwell, Mr. Stephen Weart"
"154","Beckwith, Mrs. Richard Leonard (Sallie Monypeny)"
"155","Becker, Miss. Marion Louise"
"156","Blackwell, Mr. Stephen Weart"
"157","Francatelli, Miss. Laura Mabel"
"158","Blackwell, Mr. Stephen Weart"
"159","Bjornstrom-Steffansson, Mr. Mauritz Hakan"
"160","Blackwell, Mr. Stephen Weart"
"161","Blackwell, Mr. Stephen Weart"
"162","Blackwell, Mr. Stephen Weart"
"163","Bjornstrom-Steffansson, Mr. Mauritz Hakan"
"164","Blackwell, Mr. Stephen Weart"
"165","Blackwell, Mr. Stephen Weart"
"166","Blackwell, Mr. Stephen Weart"
"167","Blackwell, Mr. Stephen Weart"
"168","Blackwell, Mr. Stephen Weart"
"169","Blackwell, Mr. Stephen Weart"
"170","Blackwell, Mr. Stephen Weart"
"171","Blackwell, Mr. Stephen Weart"
"172","Blackwell, Mr. Stephen Weart"
"173","Douglas, Mr. Walter Donald"
"174","Blackwell, Mr. Stephen Weart"
"175","Mack, Mrs. (Mary)"
"176","Becker, Miss. Marion Louise"
"177","Bjornstrom-Steffansson, Mr. Mauritz Hakan"
"178","Blackwell, Mr. Stephen Weart"
"179","Blackwell, Mr. Stephen Weart"
"180","Blackwell, Mr. Stephen Weart"
"181","Mack, Mrs. (Mary)"
"182","Becker, Miss. Marion Louise"
"183","Becker, Miss. Marion Louise"
"184","Asplund, Miss. Lillian Gertrud"
"185","Blackwell, Mr. Stephen Weart"
"186","Blackwell, Mr. Stephen Weart"
"187","Blackwell, Mr. Stephen Weart"
"188","Panula, Mr. Jaako Arnold"
"189","Cherry, Miss. Gladys"
"190","Cherry, Miss. Gladys"
"191","Becker, Miss. Marion Louise"
"192","Douglas, Mr. Walter Donald"
"193","Beckwith, Mrs. Richard Leonard (Sallie Monypeny)"
"194","Mack, Mrs. (Mary)"
"195","Blackwell, Mr. Stephen Weart"
"196","Becker, Miss. Marion Louise"
"197","Blackwell, Mr. Stephen Weart"
"198","Blackwell, Mr. Stephen Weart"
"199","Blackwell, Mr. Stephen Weart"
"200","Bjornstrom-Steffansson, Mr. Mauritz Hakan"
"201","Douglas, Mr. Walter Donald"
"202","Bjornstrom-Steffansson, Mr. Mauritz Hakan"
"203","Blackwell, Mr. Stephen Weart"
"204","Bjornstrom-Steffansson, Mr. Mauritz Hakan"
"205","Becker, Miss. Marion Louise"
"206","Beckwith, Mrs. Richard Leonard (Sallie Monypeny)"
"207","Douglas, Mr. Walter Donald"
"208","Mack, Mrs. (Mary)"
"209","Blackwell, Mr. Stephen Weart"
"210","Douglas, Mr. Walter Donald"
"211","Beckwith, Mrs. Richard Leonard (Sallie Monypeny)"
"212","Francatelli, Miss. Laura Mabel"
"213","Bjornstrom-Steffansson, Mr. Mauritz Hakan"
"214","Beckwith, Mrs. Richard Leonard (Sallie Monypeny)"
"215","Douglas, Mr. Walter Donald"
"216","Francatelli, Miss. Laura Mabel"
"217","Beckwith, Mrs. Richard Leonard (Sallie Monypeny)"
"218","Mack, Mrs. (Mary)"
"219","Blackwell, Mr. Stephen Weart"
"220","Blackwell, Mr. Stephen Weart"
"221","Becker, Miss. Marion Louise"
"222","Becker, Miss. Marion Louise"
"223","Blackwell, Mr. Stephen Weart"
"224","Cherry, Miss. Gladys"
"225","Beckwith, Mrs. Richard Leonard (Sallie Monypeny)"
"226","Blackwell, Mr. Stephen Weart"
"227","Blackwell, Mr. Stephen Weart"
"228","Becker, Miss. Marion Louise"
"229","Blackwell, Mr. Stephen Weart"
"230","Becker, Miss. Marion Louise"
"231","Francatelli, Miss. Laura Mabel"
"232","Blackwell, Mr. Stephen Weart"
"233","Blackwell, Mr. Stephen Weart"
"234","Blackwell, Mr. Stephen Weart"
"235","Blackwell, Mr. Stephen Weart"
"236","Francatelli, Miss. Laura Mabel"
"237","Bjornstrom-Steffansson, Mr. Mauritz Hakan"
"238","Beckwith, Mrs. Richard Leonard (Sallie Monypeny)"
"239","Blackwell, Mr. Stephen Weart"
"240","Blackwell, Mr. Stephen Weart"
"241","Blackwell, Mr. Stephen Weart"
"242","Becker, Miss. Marion Louise"
"243","Bjornstrom-Steffansson, Mr. Mauritz Hakan"
"244","Blackwell, Mr. Stephen Weart"
"245","Blackwell, Mr. Stephen Weart"
"246","Douglas, Mr. Walter Donald"
"247","Blackwell, Mr. Stephen Weart"
"248","Blackwell, Mr. Stephen Weart"
"249","Cherry, Miss. Gladys"
"250","Mack, Mrs. (Mary)"
"251","Blackwell, Mr. Stephen Weart"
"252","Douglas, Mr. Walter Donald"
"253","Barbara, Miss. Saiide"
"254","Blackwell, Mr. Stephen Weart"
"255","Blackwell, Mr. Stephen Weart"
"256","Beckwith, Mrs. Richard Leonard (Sallie Monypeny)"
"257","Francatelli, Miss. Laura Mabel"
"258","Bjornstrom-Steffansson, Mr. Mauritz Hakan"
"259","Blackwell, Mr. Stephen Weart"
"260","Blackwell, Mr. Stephen Weart"
"261","Douglas, Mr. Walter Donald"
"262","Mack, Mrs. (Mary)"
"263","Becker, Miss. Marion Louise"
"264","Douglas, Mr. Walter Donald"
"265","Douglas, Mr. Walter Donald"
"266","Blackwell, Mr. Stephen Weart"
"267","Francatelli, Miss. Laura Mabel"
"268","Becker, Miss. Marion Louise"
"269","Blackwell, Mr. Stephen Weart"
"270","Beckwith, Mrs. Richard Leonard (Sallie Monypeny)"
"271","Hickman, Mr. Stanley George"
"272","Blackwell, Mr. Stephen Weart"
"273","Becker, Miss. Marion Louise"
"274","Becker, Miss. Marion Louise"
"275","Bjornstrom-Steffansson, Mr. Mauritz Hakan"
"276","Bjornstrom-Steffansson, Mr. Mauritz Hakan"
"277","Blackwell, Mr. Stephen Weart"
"278","Beckwith, Mrs. Richard Leonard (Sallie Monypeny)"
"279","Becker, Miss. Marion Louise"
"280","Blackwell, Mr. Stephen Weart"
"281","Mack, Mrs. (Mary)"
"282","Downton, Mr. William James"
"283","Blackwell, Mr. Stephen Weart"
"284","Becker, Miss. Marion Louise"
"285","Bjornstrom-Steffansson, Mr. Mauritz Hakan"
"286","Blackwell, Mr. Stephen Weart"
"287","Mack, Mrs. (Mary)"
"288","Blackwell, Mr. Stephen Weart"
"289","Blackwell, Mr. Stephen Weart"
"290","Bjornstrom-Steffansson, Mr. Mauritz Hakan"
"291","Blackwell, Mr. Stephen Weart"
"292","Beckwith, Mrs. Richard Leonard (Sallie Monypeny)"
"293","Bjornstrom-Steffansson, Mr. Mauritz Hakan"
"294","Becker, Miss. Marion Louise"
"295","Becker, Miss. Marion Louise"
"296","Blackwell, Mr. Stephen Weart"
"297","Mack, Mrs. (Mary)"
"298","Blackwell, Mr. Stephen Weart"
"299","Mack, Mrs. (Mary)"
"300","Blackwell, Mr. Stephen Weart"
"301","Becker, Miss. Marion Louise"
"302","Morley, Mr. Henry Samuel (""Mr Henry Marshall"")"
"303","Bjornstrom-Steffansson, Mr. Mauritz Hakan"
"304","Becker, Miss. Marion Louise"
"305","Blackwell, Mr. Stephen Weart"
"306","Blackwell, Mr. Stephen Weart"
"307","Beckwith, Mrs. Richard Leonard (Sallie Monypeny)"
"308","Mack, Mrs. (Mary)"
"309","Becker, Miss. Marion Louise"
"310","Blackwell, Mr. Stephen Weart"
"311","Blackwell, Mr. Stephen Weart"
"312","Becker, Miss. Marion Louise"
"313","Blackwell, Mr. Stephen Weart"
"314","Blackwell, Mr. Stephen Weart"
"315","Becker, Miss. Marion Louise"
"316","Bishop, Mr. Dickinson H"
"317","Becker, Miss. Marion Louise"
"318","Bishop, Mr. Dickinson H"
"319","Becker, Miss. Marion Louise"
"320","Bishop, Mr. Dickinson H"
"321","Blackwell, Mr. Stephen Weart"
"322","Douglas, Mr. Walter Donald"
"323","Bishop, Mr. Dickinson H"
"324","Bishop, Mr. Dickinson H"
"325","Blackwell, Mr. Stephen Weart"
"326","Bishop, Mr. Dickinson H"
"327","Blackwell, Mr. Stephen Weart"
"328","Blackwell, Mr. Stephen Weart"
"329","Blackwell, Mr. Stephen Weart"
"330","Blackwell, Mr. Stephen Weart"
"331","Blackwell, Mr. Stephen Weart"
"332","Becker, Miss. Marion Louise"
"333","Blackwell, Mr. Stephen Weart"
"334","Becker, Miss. Marion Louise"
"335","Becker, Miss. Marion Louise"
"336","Blackwell, Mr. Stephen Weart"
"337","Blackwell, Mr. Stephen Weart"
"338","Blackwell, Mr. Stephen Weart"
"339","Becker, Miss. Marion Louise"
"340","Blackwell, Mr. Stephen Weart"
"341","Blackwell, Mr. Stephen Weart"
"342","Becker, Miss. Marion Louise"
"343","Beckwith, Mrs. Richard Leonard (Sallie Monypeny)"
"344","Douglas, Mr. Walter Donald"
"345","Blackwell, Mr. Stephen Weart"
"346","Bishop, Mr. Dickinson H"
"347","Blackwell, Mr. Stephen Weart"
"348","Blackwell, Mr. Stephen Weart"
"349","Douglas, Mr. Walter Donald"
"350","Blackwell, Mr. Stephen Weart"
"351","Beckwith, Mrs. Richard Leonard (Sallie Monypeny)"
"352","Beckwith, Mrs. Richard Leonard (Sallie Monypeny)"
"353","Blackwell, Mr. Stephen Weart"
"354","Mack, Mrs. (Mary)"
"355","Mack, Mrs. (Mary)"
"356","Cherry, Miss. Gladys"
"357","Douglas, Mr. Walter Donald"
"358","Becker, Miss. Marion Louise"
"359","Blackwell, Mr. Stephen Weart"
"360","Chip, Mr. Chang"
"361","Bishop, Mr. Dickinson H"
"362","Bishop, Mr. Dickinson H"
"363","Blackwell, Mr. Stephen Weart"
"364","Blackwell, Mr. Stephen Weart"
"365","Becker, Miss. Marion Louise"
"366","Becker, Miss. Marion Louise"
"367","Blackwell, Mr. Stephen Weart"
"368","Cherry, Miss. Gladys"
"369","Blackwell, Mr. Stephen Weart"
"370","Francatelli, Miss. Laura Mabel"
"371","Blackwell, Mr. Stephen Weart"
"372","Becker, Miss. Marion Louise"
"373","Blackwell, Mr. Stephen Weart"
"374","Blackwell, Mr. Stephen Weart"
"375","Becker, Miss. Marion Louise"
"376","Douglas, Mr. Walter Donald"
"377","Mack, Mrs. (Mary)"
"378","Becker, Miss. Marion Louise"
"379","Blackwell, Mr. Stephen Weart"
"380","Francatelli, Miss. Laura Mabel"
"381","Francatelli, Miss. Laura Mabel"
"382","Andersson, Miss. Ebba Iris Alfrida"
"383","Andersson, Miss. Ebba Iris Alfrida"
"384","Beane, Mrs. Edward (Ethel Clarke)"
"385","Blackwell, Mr. Stephen Weart"
"386","Goldsmith, Master. Frank John William ""Frankie"""
"387","Bishop, Mr. Dickinson H"
"388","Bishop, Mr. Dickinson H"
"389","Blackwell, Mr. Stephen Weart"
"390","Bishop, Mr. Dickinson H"
"391","Becker, Miss. Marion Louise"
"392","Blackwell, Mr. Stephen Weart"
"393","Beckwith, Mrs. Richard Leonard (Sallie Monypeny)"
"394","Beckwith, Mrs. Richard Leonard (Sallie Monypeny)"
"395","Blackwell, Mr. Stephen Weart"
"396","Blackwell, Mr. Stephen Weart"
"397","Blackwell, Mr. Stephen Weart"
"398","Blackwell, Mr. Stephen Weart"
"399","Mack, Mrs. (Mary)"
"400","Bishop, Mr. Dickinson H"
"401","Beckwith, Mrs. Richard Leonard (Sallie Monypeny)"
"402","Bishop, Mr. Dickinson H"
"403","Blackwell, Mr. Stephen Weart"
"404","Blackwell, Mr. Stephen Weart"
"405","Becker, Miss. Marion Louise"
"406","Beckwith, Mrs. Richard Leonard (Sallie Monypeny)"
"407","Bishop, Mr. Dickinson H"
"408","Becker, Miss. Marion Louise"
"409","Beckwith, Mrs. Richard Leonard (Sallie Monypeny)"
"410","Douglas, Mr. Walter Donald"
"411","Cherry, Miss. Gladys"
"412","Blackwell, Mr. Stephen Weart"
"413","Bishop, Mr. Dickinson H"
"414","Blackwell, Mr. Stephen Weart"
"415","Blackwell, Mr. Stephen Weart"
"416","Beckwith, Mrs. Richard Leonard (Sallie Monypeny)"
"417","Blackwell, Mr. Stephen Weart"
"418","Blackwell, Mr. Stephen Weart"
"419","Blackwell, Mr. Stephen Weart"
"420","Johnson, Mr. William Cahoone Jr"
"421","Bishop, Mr. Dickinson H"
"422","Becker, Miss. Marion Louise"
"423","Blackwell, Mr. Stephen Weart"
"424","Bishop, Mr. Dickinson H"
"425","Blackwell, Mr. Stephen Weart"
"426","Blackwell, Mr. Stephen Weart"
"427","Bishop, Mr. Dickinson H"
"428","Cherry, Miss. Gladys"
"429","Andersson, Miss. Ebba Iris Alfrida"
"430","Blackwell, Mr. Stephen Weart"
"431","Herman, Mrs. Samuel (Jane Laver)"
"432","Blackwell, Mr. Stephen Weart"
"433","Mack, Mrs. (Mary)"
"434","Blackwell, Mr. Stephen Weart"
"435","Douglas, Mr. Walter Donald"
"436","Bishop, Mr. Dickinson H"
"437","Bishop, Mr. Dickinson H"
"438","Blackwell, Mr. Stephen Weart"
"439","Blackwell, Mr. Stephen Weart"
"440","Blackwell, Mr. Stephen Weart"
"441","Blackwell, Mr. Stephen Weart"
"442","Allen, Miss. Elisabeth Walton"
"443","Blackwell, Mr. Stephen Weart"
"444","Bishop, Mr. Dickinson H"
"445","Blackwell, Mr. Stephen Weart"
"446","Bishop, Mr. Dickinson H"
"447","Mack, Mrs. (Mary)"
"448","Becker, Miss. Marion Louise"
"449","Blackwell, Mr. Stephen Weart"
"450","Panula, Mr. Jaako Arnold"
"451","Blackwell, Mr. Stephen Weart"
"452","Francatelli, Miss. Laura Mabel"
"453","Mack, Mrs. (Mary)"
"454","Becker, Miss. Marion Louise"
"455","Bishop, Mr. Dickinson H"
"456","Blackwell, Mr. Stephen Weart"
"457","Bishop, Mr. Dickinson H"
"458","Becker, Miss. Marion Louise"
"459","Becker, Miss. Marion Louise"
"460","Blackwell, Mr. Stephen Weart"
"461","Mack, Mrs. (Mary)"
"462","Hickman, Mr. Stanley George"
"463","Mack, Mrs. (Mary)"
"464","Blackwell, Mr. Stephen Weart"
"465","Bishop, Mr. Dickinson H"
"466","Douglas, Mr. Walter Donald"
"467","Blackwell, Mr. Stephen Weart"
"468","Blackwell, Mr. Stephen Weart"
"469","Bishop, Mr. Dickinson H"
"470","Hickman, Mr. Stanley George"
"471","Blackwell, Mr. Stephen Weart"
"472","Blackwell, Mr. Stephen Weart"
"473","Brown, Mr. Thomas William Solomon"
"474","Blackwell, Mr. Stephen Weart"
"475","Blackwell, Mr. Stephen Weart"
"476","Becker, Miss. Marion Louise"
"477","Mack, Mrs. (Mary)"
"478","Ward, Miss. Anna"
"479","Bishop, Mr. Dickinson H"
"480","Blackwell, Mr. Stephen Weart"
"481","Blackwell, Mr. Stephen Weart"
"482","Laroche, Mrs. Joseph (Juliette Marie Louise Lafargue)"
"483","Blackwell, Mr. Stephen Weart"
"484","Blackwell, Mr. Stephen Weart"
"485","Allen, Miss. Elisabeth Walton"
"486","Becker, Miss. Marion Louise"
"487","Douglas, Mr. Walter Donald"
"488","Blackwell, Mr. Stephen Weart"
"489","Blackwell, Mr. Stephen Weart"
"490","Blackwell, Mr. Stephen Weart"
"491","Douglas, Mr. Walter Donald"
"492","Blackwell, Mr. Stephen Weart"
"493","Beckwith, Mrs. Richard Leonard (Sallie Monypeny)"
"494","Bishop, Mr. Dickinson H"
"495","Blackwell, Mr. Stephen Weart"
"496","Blackwell, Mr. Stephen Weart"
"497","Becker, Miss. Marion Louise"
"498","Bishop, Mr. Dickinson H"
"499","Allen, Miss. Elisabeth Walton"
"500","Francatelli, Miss. Laura Mabel"
"501","Bishop, Mr. Dickinson H"
"502","Blackwell, Mr. Stephen Weart"
"503","Blackwell, Mr. Stephen Weart"
"504","Blackwell, Mr. Stephen Weart"
"505","Francatelli, Miss. Laura Mabel"
"506","Becker, Miss. Marion Louise"
"507","Blackwell, Mr. Stephen Weart"
"508","Becker, Miss. Marion Louise"
"509","Blackwell, Mr. Stephen Weart"
"510","Blackwell, Mr. Stephen Weart"
"511","Bishop, Mr. Dickinson H"
"512","Blackwell, Mr. Stephen Weart"
"513","Becker, Miss. Marion Louise"
"514","Mack, Mrs. (Mary)"
"515","Douglas, Mr. Walter Donald"
"516","Blackwell, Mr. Stephen Weart"
"517","Blackwell, Mr. Stephen Weart"
"518","Mack, Mrs. (Mary)"
"519","Ward, Miss. Anna"
"520","Beckwith, Mrs. Richard Leonard (Sallie Monypeny)"
"521","Blackwell, Mr. Stephen Weart"
"522","Bishop, Mr. Dickinson H"
"523","Blackwell, Mr. Stephen Weart"
"524","Blackwell, Mr. Stephen Weart"
"525","Becker, Miss. Marion Louise"
"526","Blackwell, Mr. Stephen Weart"
"527","Becker, Miss. Marion Louise"
"528","Bishop, Mr. Dickinson H"
"529","Blackwell, Mr. Stephen Weart"
"530","Blackwell, Mr. Stephen Weart"
"531","Bishop, Mr. Dickinson H"
"532","Blackwell, Mr. Stephen Weart"
"533","Blackwell, Mr. Stephen Weart"
"534","Blackwell, Mr. Stephen Weart"
"535","Allen, Miss. Elisabeth Walton"
"536","Blackwell, Mr. Stephen Weart"
"537","Bishop, Mr. Dickinson H"
"538","Beckwith, Mrs. Richard Leonard (Sallie Monypeny)"
"539","Blackwell, Mr. Stephen Weart"
"540","Beckwith, Mrs. Richard Leonard (Sallie Monypeny)"
"541","Mack, Mrs. (Mary)"
"542","Blackwell, Mr. Stephen Weart"
"543","Blackwell, Mr. Stephen Weart"
"544","Blackwell, Mr. Stephen Weart"
"545","Becker, Miss. Marion Louise"
"546","Blackwell, Mr. Stephen Weart"
"547","Becker, Miss. Marion Louise"
"548","Allen, Miss. Elisabeth Walton"
"549","Becker, Miss. Marion Louise"
"550","Beckwith, Mrs. Richard Leonard (Sallie Monypeny)"
"551","Blackwell, Mr. Stephen Weart"
"552","Blackwell, Mr. Stephen Weart"
"553","Blackwell, Mr. Stephen Weart"
"554","Becker, Miss. Marion Louise"
"555","Blackwell, Mr. Stephen Weart"
"556","Bishop, Mr. Dickinson H"
"557","Blackwell, Mr. Stephen Weart"
"558","Blackwell, Mr. Stephen Weart"
"559","Blackwell, Mr. Stephen Weart"
"560","Allen, Miss. Elisabeth Walton"
"561","Becker, Miss. Marion Louise"
"562","Douglas, Mr. Walter Donald"
"563","Mack, Mrs. (Mary)"
"564","Blackwell, Mr. Stephen Weart"
"565","Collyer, Miss. Marjorie ""Lottie"""
"566","Bishop, Mr. Dickinson H"
"567","Bishop, Mr. Dickinson H"
"568","Bishop, Mr. Dickinson H"
"569","Blackwell, Mr. Stephen Weart"
"570","Blackwell, Mr. Stephen Weart"
"571","Mack, Mrs. (Mary)"
"572","Blackwell, Mr. Stephen Weart"
"573","Beckwith, Mrs. Richard Leonard (Sallie Monypeny)"
"574","Blackwell, Mr. Stephen Weart"
"575","Blackwell, Mr. Stephen Weart"
"576","Blackwell, Mr. Stephen Weart"
"577","Blackwell, Mr. Stephen Weart"
"578","Mack, Mrs. (Mary)"
"579","Mallet, Master. Andre"
"580","Blackwell, Mr. Stephen Weart"
"581","Blackwell, Mr. Stephen Weart"
"582","Beckwith, Mrs. Richard Leonard (Sallie Monypeny)"
"583","Bishop, Mr. Dickinson H"
"584","Blackwell, Mr. Stephen Weart"
"585","Becker, Miss. Marion Louise"
"586","Panula, Mr. Jaako Arnold"
"587","Allen, Miss. Elisabeth Walton"
"588","Becker, Miss. Marion Louise"
"589","Bishop, Mr. Dickinson H"
"590","Blackwell, Mr. Stephen Weart"
"591","Blackwell, Mr. Stephen Weart"
"592","Blackwell, Mr. Stephen Weart"
"593","Blackwell, Mr. Stephen Weart"
"594","Blackwell, Mr. Stephen Weart"
"595","Francatelli, Miss. Laura Mabel"
"596","Douglas, Mr. Walter Donald"
"597","Blackwell, Mr. Stephen Weart"
"598","Blackwell, Mr. Stephen Weart"
"599","Douglas, Mr. Walter Donald"
"600","Blackwell, Mr. Stephen Weart"
"601","Andersson, Miss. Ebba Iris Alfrida"
"602","Blackwell, Mr. Stephen Weart"
"603","Mack, Mrs. (Mary)"
"604","Allen, Miss. Elisabeth Walton"
"605","Mack, Mrs. (Mary)"
"606","Becker, Miss. Marion Louise"
"607","Beckwith, Mrs. Richard Leonard (Sallie Monypeny)"
"608","Bishop, Mr. Dickinson H"
"609","Becker, Miss. Marion Louise"
"610","Blackwell, Mr. Stephen Weart"
"611","Blackwell, Mr. Stephen Weart"
"612","Allen, Miss. Elisabeth Walton"
"613","Blackwell, Mr. Stephen Weart"
"614","Becker, Miss. Marion Louise"
"615","Becker, Miss. Marion Louise"
"616","Blackwell, Mr. Stephen Weart"
"617","Johnson, Mrs. Oscar W (Elisabeth Vilhelmina Berg)"
"618","Blackwell, Mr. Stephen Weart"
"619","Blackwell, Mr. Stephen Weart"
"620","Becker, Miss. Marion Louise"
"621","Blackwell, Mr. Stephen Weart"
"622","Blackwell, Mr. Stephen Weart"
"623","Francatelli, Miss. Laura Mabel"
"624","Becker, Miss. Marion Louise"
"625","Blackwell, Mr. Stephen Weart"
"626","Mack, Mrs. (Mary)"
"627","Blackwell, Mr. Stephen Weart"
"628","Mack, Mrs. (Mary)"
"629","Blackwell, Mr. Stephen Weart"
"630","Bishop, Mr. Dickinson H"
"631","Blackwell, Mr. Stephen Weart"
